<?xml version='1.0' encoding='UTF-8'?>

<bag xmlns:float="http://www.w3.org/2001/XMLSchema#float" xmlns:int="http://www.w3.org/2001/XMLSchema#int" xmlns:unsignedInt="http://www.w3.org/2001/XMLSchema#unsignedInt" xmlns:unsignedLong="http://www.w3.org/2001/XMLSchema#unsignedLong">
 <issues>
  <issue>
   <unsignedInt:flags>97</unsignedInt:flags>
   <id>issue_system_functions</id>
   <int:severity>1</int:severity>
   <text>System function call(s) in the &lt;a href=&quot;https://software.intel.com/en-us/articles/intel-advisor-xe-2016-vectorization-advisor-glossary&quot;&gt;loop body&lt;/a&gt; may prevent the compiler from vectorizing the loop. </text>
   <title>System function call(s) present </title>
   <attributes>
    <float:severity>1</float:severity>
   </attributes>
   <recommendations>
    <recommendation>
     <int:confidence>1</int:confidence>
     <unsignedInt:flags>40</unsignedInt:flags>
     <id>rec_system_functions_move_c</id>
     <text>Typically system function or subroutine calls cannot be auto-vectorized; even a print statement is sufficient to prevent vectorization. To fix: Avoid using system function calls in loops. </text>
     <title>Remove system function call(s) inside loop </title>
     <attributes>
      <float:confidence>1</float:confidence>
     </attributes>
    </recommendation>
   </recommendations>
   <unsignedLong:rowKey>3</unsignedLong:rowKey>
  </issue>
  <issue>
   <unsignedInt:flags>65</unsignedInt:flags>
   <id>issue_system_functions</id>
   <int:severity>1</int:severity>
   <text>System function call(s) in the &lt;a href=&quot;https://software.intel.com/en-us/articles/intel-advisor-xe-2016-vectorization-advisor-glossary&quot;&gt;loop body&lt;/a&gt; may prevent the compiler from vectorizing the loop. </text>
   <title>System function call(s) present </title>
   <attributes>
    <float:severity>1</float:severity>
   </attributes>
   <recommendations>
    <recommendation>
     <int:confidence>1</int:confidence>
     <unsignedInt:flags>8</unsignedInt:flags>
     <id>rec_system_functions_move_c</id>
     <text>Typically system function or subroutine calls cannot be auto-vectorized; even a print statement is sufficient to prevent vectorization. To fix: Avoid using system function calls in loops. </text>
     <title>Remove system function call(s) inside loop </title>
     <attributes>
      <float:confidence>1</float:confidence>
     </attributes>
    </recommendation>
   </recommendations>
   <unsignedLong:rowKey>6</unsignedLong:rowKey>
  </issue>
  <issue>
   <unsignedInt:flags>65</unsignedInt:flags>
   <id>issue_system_functions</id>
   <int:severity>1</int:severity>
   <text>System function call(s) in the &lt;a href=&quot;https://software.intel.com/en-us/articles/intel-advisor-xe-2016-vectorization-advisor-glossary&quot;&gt;loop body&lt;/a&gt; may prevent the compiler from vectorizing the loop. </text>
   <title>System function call(s) present </title>
   <attributes>
    <float:severity>1</float:severity>
   </attributes>
   <recommendations>
    <recommendation>
     <int:confidence>1</int:confidence>
     <unsignedInt:flags>8</unsignedInt:flags>
     <id>rec_system_functions_move_c</id>
     <text>Typically system function or subroutine calls cannot be auto-vectorized; even a print statement is sufficient to prevent vectorization. To fix: Avoid using system function calls in loops. </text>
     <title>Remove system function call(s) inside loop </title>
     <attributes>
      <float:confidence>1</float:confidence>
     </attributes>
    </recommendation>
   </recommendations>
   <unsignedLong:rowKey>9</unsignedLong:rowKey>
  </issue>
  <issue>
   <unsignedInt:flags>65</unsignedInt:flags>
   <id>issue_system_functions</id>
   <int:severity>1</int:severity>
   <text>System function call(s) in the &lt;a href=&quot;https://software.intel.com/en-us/articles/intel-advisor-xe-2016-vectorization-advisor-glossary&quot;&gt;loop body&lt;/a&gt; may prevent the compiler from vectorizing the loop. </text>
   <title>System function call(s) present </title>
   <attributes>
    <float:severity>1</float:severity>
   </attributes>
   <recommendations>
    <recommendation>
     <int:confidence>1</int:confidence>
     <unsignedInt:flags>8</unsignedInt:flags>
     <id>rec_system_functions_move_c</id>
     <text>Typically system function or subroutine calls cannot be auto-vectorized; even a print statement is sufficient to prevent vectorization. To fix: Avoid using system function calls in loops. </text>
     <title>Remove system function call(s) inside loop </title>
     <attributes>
      <float:confidence>1</float:confidence>
     </attributes>
    </recommendation>
   </recommendations>
   <unsignedLong:rowKey>10</unsignedLong:rowKey>
  </issue>
  <issue>
   <unsignedInt:flags>65</unsignedInt:flags>
   <id>issue_system_functions</id>
   <int:severity>1</int:severity>
   <text>System function call(s) in the &lt;a href=&quot;https://software.intel.com/en-us/articles/intel-advisor-xe-2016-vectorization-advisor-glossary&quot;&gt;loop body&lt;/a&gt; may prevent the compiler from vectorizing the loop. </text>
   <title>System function call(s) present </title>
   <attributes>
    <float:severity>1</float:severity>
   </attributes>
   <recommendations>
    <recommendation>
     <int:confidence>1</int:confidence>
     <unsignedInt:flags>8</unsignedInt:flags>
     <id>rec_system_functions_move_c</id>
     <text>Typically system function or subroutine calls cannot be auto-vectorized; even a print statement is sufficient to prevent vectorization. To fix: Avoid using system function calls in loops. </text>
     <title>Remove system function call(s) inside loop </title>
     <attributes>
      <float:confidence>1</float:confidence>
     </attributes>
    </recommendation>
   </recommendations>
   <unsignedLong:rowKey>12</unsignedLong:rowKey>
  </issue>
  <issue>
   <unsignedInt:flags>65</unsignedInt:flags>
   <id>issue_system_functions</id>
   <int:severity>1</int:severity>
   <text>System function call(s) in the &lt;a href=&quot;https://software.intel.com/en-us/articles/intel-advisor-xe-2016-vectorization-advisor-glossary&quot;&gt;loop body&lt;/a&gt; may prevent the compiler from vectorizing the loop. </text>
   <title>System function call(s) present </title>
   <attributes>
    <float:severity>1</float:severity>
   </attributes>
   <recommendations>
    <recommendation>
     <int:confidence>1</int:confidence>
     <unsignedInt:flags>8</unsignedInt:flags>
     <id>rec_system_functions_move_c</id>
     <text>Typically system function or subroutine calls cannot be auto-vectorized; even a print statement is sufficient to prevent vectorization. To fix: Avoid using system function calls in loops. </text>
     <title>Remove system function call(s) inside loop </title>
     <attributes>
      <float:confidence>1</float:confidence>
     </attributes>
    </recommendation>
   </recommendations>
   <unsignedLong:rowKey>13</unsignedLong:rowKey>
  </issue>
  <issue>
   <unsignedInt:flags>65</unsignedInt:flags>
   <id>issue_system_functions</id>
   <int:severity>1</int:severity>
   <text>System function call(s) in the &lt;a href=&quot;https://software.intel.com/en-us/articles/intel-advisor-xe-2016-vectorization-advisor-glossary&quot;&gt;loop body&lt;/a&gt; may prevent the compiler from vectorizing the loop. </text>
   <title>System function call(s) present </title>
   <attributes>
    <float:severity>1</float:severity>
   </attributes>
   <recommendations>
    <recommendation>
     <int:confidence>1</int:confidence>
     <unsignedInt:flags>8</unsignedInt:flags>
     <id>rec_system_functions_move_c</id>
     <text>Typically system function or subroutine calls cannot be auto-vectorized; even a print statement is sufficient to prevent vectorization. To fix: Avoid using system function calls in loops. </text>
     <title>Remove system function call(s) inside loop </title>
     <attributes>
      <float:confidence>1</float:confidence>
     </attributes>
    </recommendation>
   </recommendations>
   <unsignedLong:rowKey>15</unsignedLong:rowKey>
  </issue>
  <issue>
   <unsignedInt:flags>65</unsignedInt:flags>
   <id>issue_system_functions</id>
   <int:severity>1</int:severity>
   <text>System function call(s) in the &lt;a href=&quot;https://software.intel.com/en-us/articles/intel-advisor-xe-2016-vectorization-advisor-glossary&quot;&gt;loop body&lt;/a&gt; may prevent the compiler from vectorizing the loop. </text>
   <title>System function call(s) present </title>
   <attributes>
    <float:severity>1</float:severity>
   </attributes>
   <recommendations>
    <recommendation>
     <int:confidence>1</int:confidence>
     <unsignedInt:flags>8</unsignedInt:flags>
     <id>rec_system_functions_move_c</id>
     <text>Typically system function or subroutine calls cannot be auto-vectorized; even a print statement is sufficient to prevent vectorization. To fix: Avoid using system function calls in loops. </text>
     <title>Remove system function call(s) inside loop </title>
     <attributes>
      <float:confidence>1</float:confidence>
     </attributes>
    </recommendation>
   </recommendations>
   <unsignedLong:rowKey>16</unsignedLong:rowKey>
  </issue>
  <issue>
   <unsignedInt:flags>65</unsignedInt:flags>
   <id>issue_system_functions</id>
   <int:severity>1</int:severity>
   <text>System function call(s) in the &lt;a href=&quot;https://software.intel.com/en-us/articles/intel-advisor-xe-2016-vectorization-advisor-glossary&quot;&gt;loop body&lt;/a&gt; may prevent the compiler from vectorizing the loop. </text>
   <title>System function call(s) present </title>
   <attributes>
    <float:severity>1</float:severity>
   </attributes>
   <recommendations>
    <recommendation>
     <int:confidence>1</int:confidence>
     <unsignedInt:flags>8</unsignedInt:flags>
     <id>rec_system_functions_move_c</id>
     <text>Typically system function or subroutine calls cannot be auto-vectorized; even a print statement is sufficient to prevent vectorization. To fix: Avoid using system function calls in loops. </text>
     <title>Remove system function call(s) inside loop </title>
     <attributes>
      <float:confidence>1</float:confidence>
     </attributes>
    </recommendation>
   </recommendations>
   <unsignedLong:rowKey>19</unsignedLong:rowKey>
  </issue>
  <issue>
   <unsignedInt:flags>65</unsignedInt:flags>
   <id>issue_system_functions</id>
   <int:severity>1</int:severity>
   <text>System function call(s) in the &lt;a href=&quot;https://software.intel.com/en-us/articles/intel-advisor-xe-2016-vectorization-advisor-glossary&quot;&gt;loop body&lt;/a&gt; may prevent the compiler from vectorizing the loop. </text>
   <title>System function call(s) present </title>
   <attributes>
    <float:severity>1</float:severity>
   </attributes>
   <recommendations>
    <recommendation>
     <int:confidence>1</int:confidence>
     <unsignedInt:flags>8</unsignedInt:flags>
     <id>rec_system_functions_move_c</id>
     <text>Typically system function or subroutine calls cannot be auto-vectorized; even a print statement is sufficient to prevent vectorization. To fix: Avoid using system function calls in loops. </text>
     <title>Remove system function call(s) inside loop </title>
     <attributes>
      <float:confidence>1</float:confidence>
     </attributes>
    </recommendation>
   </recommendations>
   <unsignedLong:rowKey>20</unsignedLong:rowKey>
  </issue>
  <issue>
   <unsignedInt:flags>97</unsignedInt:flags>
   <id>issue_system_functions</id>
   <int:severity>1</int:severity>
   <text>System function call(s) in the &lt;a href=&quot;https://software.intel.com/en-us/articles/intel-advisor-xe-2016-vectorization-advisor-glossary&quot;&gt;loop body&lt;/a&gt; may prevent the compiler from vectorizing the loop. </text>
   <title>System function call(s) present </title>
   <attributes>
    <float:severity>1</float:severity>
   </attributes>
   <recommendations>
    <recommendation>
     <int:confidence>1</int:confidence>
     <unsignedInt:flags>40</unsignedInt:flags>
     <id>rec_system_functions_move_c</id>
     <text>Typically system function or subroutine calls cannot be auto-vectorized; even a print statement is sufficient to prevent vectorization. To fix: Avoid using system function calls in loops. </text>
     <title>Remove system function call(s) inside loop </title>
     <attributes>
      <float:confidence>1</float:confidence>
     </attributes>
    </recommendation>
   </recommendations>
   <unsignedLong:rowKey>24</unsignedLong:rowKey>
  </issue>
  <issue>
   <unsignedInt:flags>65</unsignedInt:flags>
   <id>issue_system_functions</id>
   <int:severity>1</int:severity>
   <text>System function call(s) in the &lt;a href=&quot;https://software.intel.com/en-us/articles/intel-advisor-xe-2016-vectorization-advisor-glossary&quot;&gt;loop body&lt;/a&gt; may prevent the compiler from vectorizing the loop. </text>
   <title>System function call(s) present </title>
   <attributes>
    <float:severity>1</float:severity>
   </attributes>
   <recommendations>
    <recommendation>
     <int:confidence>1</int:confidence>
     <unsignedInt:flags>8</unsignedInt:flags>
     <id>rec_system_functions_move_c</id>
     <text>Typically system function or subroutine calls cannot be auto-vectorized; even a print statement is sufficient to prevent vectorization. To fix: Avoid using system function calls in loops. </text>
     <title>Remove system function call(s) inside loop </title>
     <attributes>
      <float:confidence>1</float:confidence>
     </attributes>
    </recommendation>
   </recommendations>
   <unsignedLong:rowKey>26</unsignedLong:rowKey>
  </issue>
  <issue>
   <unsignedInt:flags>97</unsignedInt:flags>
   <id>issue_system_functions</id>
   <int:severity>1</int:severity>
   <text>System function call(s) in the &lt;a href=&quot;https://software.intel.com/en-us/articles/intel-advisor-xe-2016-vectorization-advisor-glossary&quot;&gt;loop body&lt;/a&gt; may prevent the compiler from vectorizing the loop. </text>
   <title>System function call(s) present </title>
   <attributes>
    <float:severity>1</float:severity>
   </attributes>
   <recommendations>
    <recommendation>
     <int:confidence>1</int:confidence>
     <unsignedInt:flags>40</unsignedInt:flags>
     <id>rec_system_functions_move_c</id>
     <text>Typically system function or subroutine calls cannot be auto-vectorized; even a print statement is sufficient to prevent vectorization. To fix: Avoid using system function calls in loops. </text>
     <title>Remove system function call(s) inside loop </title>
     <attributes>
      <float:confidence>1</float:confidence>
     </attributes>
    </recommendation>
   </recommendations>
   <unsignedLong:rowKey>27</unsignedLong:rowKey>
  </issue>
  <issue>
   <unsignedInt:flags>65</unsignedInt:flags>
   <id>issue_system_functions</id>
   <int:severity>1</int:severity>
   <text>System function call(s) in the &lt;a href=&quot;https://software.intel.com/en-us/articles/intel-advisor-xe-2016-vectorization-advisor-glossary&quot;&gt;loop body&lt;/a&gt; may prevent the compiler from vectorizing the loop. </text>
   <title>System function call(s) present </title>
   <attributes>
    <float:severity>1</float:severity>
   </attributes>
   <recommendations>
    <recommendation>
     <int:confidence>1</int:confidence>
     <unsignedInt:flags>8</unsignedInt:flags>
     <id>rec_system_functions_move_c</id>
     <text>Typically system function or subroutine calls cannot be auto-vectorized; even a print statement is sufficient to prevent vectorization. To fix: Avoid using system function calls in loops. </text>
     <title>Remove system function call(s) inside loop </title>
     <attributes>
      <float:confidence>1</float:confidence>
     </attributes>
    </recommendation>
   </recommendations>
   <unsignedLong:rowKey>29</unsignedLong:rowKey>
  </issue>
  <issue>
   <unsignedInt:flags>65</unsignedInt:flags>
   <id>issue_system_functions</id>
   <int:severity>1</int:severity>
   <text>System function call(s) in the &lt;a href=&quot;https://software.intel.com/en-us/articles/intel-advisor-xe-2016-vectorization-advisor-glossary&quot;&gt;loop body&lt;/a&gt; may prevent the compiler from vectorizing the loop. </text>
   <title>System function call(s) present </title>
   <attributes>
    <float:severity>1</float:severity>
   </attributes>
   <recommendations>
    <recommendation>
     <int:confidence>1</int:confidence>
     <unsignedInt:flags>8</unsignedInt:flags>
     <id>rec_system_functions_move_c</id>
     <text>Typically system function or subroutine calls cannot be auto-vectorized; even a print statement is sufficient to prevent vectorization. To fix: Avoid using system function calls in loops. </text>
     <title>Remove system function call(s) inside loop </title>
     <attributes>
      <float:confidence>1</float:confidence>
     </attributes>
    </recommendation>
   </recommendations>
   <unsignedLong:rowKey>30</unsignedLong:rowKey>
  </issue>
  <issue>
   <unsignedInt:flags>65</unsignedInt:flags>
   <id>issue_system_functions</id>
   <int:severity>1</int:severity>
   <text>System function call(s) in the &lt;a href=&quot;https://software.intel.com/en-us/articles/intel-advisor-xe-2016-vectorization-advisor-glossary&quot;&gt;loop body&lt;/a&gt; may prevent the compiler from vectorizing the loop. </text>
   <title>System function call(s) present </title>
   <attributes>
    <float:severity>1</float:severity>
   </attributes>
   <recommendations>
    <recommendation>
     <int:confidence>1</int:confidence>
     <unsignedInt:flags>8</unsignedInt:flags>
     <id>rec_system_functions_move_c</id>
     <text>Typically system function or subroutine calls cannot be auto-vectorized; even a print statement is sufficient to prevent vectorization. To fix: Avoid using system function calls in loops. </text>
     <title>Remove system function call(s) inside loop </title>
     <attributes>
      <float:confidence>1</float:confidence>
     </attributes>
    </recommendation>
   </recommendations>
   <unsignedLong:rowKey>32</unsignedLong:rowKey>
  </issue>
 </issues>
</bag>
